Record_ID,Original_Zotero_Key,Title,Year,Resource_Type,Scope_Tier,Primary_Category,System_Class,Benchmark_Tasks,Models_Evaluated,Key_Metrics,Reference_Baseline,DOI,URL,Code_URL,Data_URL,Peer_Reviewed,Open_Source,Source_Status,Curation_Confidence,Last_Verified,In_Current_CSV,README_Priority,Notes
N004,,Benchmarking Universal Machine Learning Interatomic Potentials for Alkali-Ion Battery Kinetics,2026,Core benchmark study,Core,"Batteries, diffusion and ion transport",Alkali-ion cathodes and solid electrolytes,Migration barriers; finite-temperature diffusion; structural correlations,M3GNet; CHGNet; MatterSim; MACE; SevenNet; GRACE; Orb,Barrier error; diffusivity; diffusion activation behavior,DFT / AIMD,10.1021/acsmaterialslett.6c00134,https://doi.org/10.1021/acsmaterialslett.6c00134,,,Yes,Unknown,New literature sweep; web-verified,A,2026-09-29,No,High,Combines static barrier and dynamic transport evaluation.
N038,,Performance-Based Selection of Machine Learning Interatomic Potentials for Studying Solid-State Electrolytes,2026,Application benchmark study,Core,"Batteries, diffusion and ion transport",Li6PS5Cl solid-state electrolyte,Structural; energetic; dynamic properties; disorder and transport,Several pretrained MLIPs,Structure/energy errors; dynamic behavior; Li transport,DFT,10.1021/acs.chemmater.5c02352,https://doi.org/10.1021/acs.chemmater.5c02352,,,Yes,Unknown,New literature sweep; web-verified,A,2026-09-29,No,High,Highlights energy-force consistency and subtle configurational generalization.
N001,,Structural benchmarks overlook density-of-states errors in machine-learned interatomic potentials,2026,Core benchmark study,Core,Downstream electronic properties,"Inorganic solids: oxides, iodides, alloys",Structure relaxation; electronic DOS downstream validation,Multiple universal MLIPs,Structural error; DOS similarity/error; downstream electronic-property fidelity,DFT,10.1063/5.0339982,https://doi.org/10.1063/5.0339982,https://github.com/entropy4energy/2026-mlip-dos-benchmark,https://doi.org/10.1063/5.0339982,Yes,Yes,New literature sweep; web-verified,A,2026-09-29,No,High,Published 2026-09-23; demonstrates that structural agreement does not guarantee DOS fidelity.
N002,,Benchmarking Machine-Learning Interatomic Potentials for Dynamical Stability in Inorganic Semiconductor Nanocrystals: A CdSe Case Study,2026,Core benchmark study,Core,Dynamics and finite temperature,CdSe nanocrystals,Long-time MD stability; uncertainty-guided active learning; runtime,Five GNN MLIPs,1 ns survival/stability; force error; uncertainty; runtime,DFT / reference trajectories,,https://arxiv.org/abs/2609.15299,,,No,Unknown,New literature sweep; web-verified,A,2026-09-29,No,High,"Submitted 2026-09-14; finite, surface-dominated nanocrystal stress test."
N031,,MeltBench,2026,Benchmark suite/platform,Core,Dynamics and finite temperature,Crystalline materials / melting,Melting-point prediction with MLIPs,Universal MLIPs,Melting temperature; failure/stability; computational cost,Experiment / reference simulations,,https://jobs.sluschi-mapp.org/meltbench,,,No,Unknown,New literature sweep; web-verified,A,2026-09-29,No,High,Open benchmark resource with MeltBench-10 and expansion toward larger suites.
N008,,Origin of the machine learning forces field errors across metal elements,2026,Core benchmark study,Core,General and foundation MLIP evaluation,43 metallic elements (Metal-43),Element-wise fitting difficulty; PES complexity,NEP; DeePMD; MACE; ORB,Force RMSE; relative force error; periodic trends,DFT,10.1038/s41524-026-01977-3,https://doi.org/10.1038/s41524-026-01977-3,,,Yes,Unknown,New literature sweep; web-verified,A,2026-09-29,No,High,Metal-43 exposes strongly element-dependent intrinsic fitting difficulty.
N003,,Vibrational power spectra as a tool to benchmark universal machine-learning interatomic potentials for molecular systems: the OMOL-1k-MD data set,2026,Benchmark dataset + study,Core,"Phonons, vibrations and thermal",Molecules and molecular clusters,Finite-temperature AIMD; vibrational power spectra; vibrational free energy,Universal MLIPs,Vibrational spectrum similarity; free-energy error; trajectory fidelity,DFT AIMD,10.1038/s41524-026-02286-5,https://doi.org/10.1038/s41524-026-02286-5,,https://huggingface.co/datasets/JSteffen91/OMOL-1k-MD,Yes,Yes,New literature sweep; web-verified,A,2026-09-29,No,High,1000 systems and roughly 30 million AIMD structures.
N010,,Benchmarking machine-learned potentials for adsorption on Pt and IrO2 surfaces using OC20 and OMat24,2026,Application benchmark study,Core,"Surfaces, interfaces and catalysis",Pt and IrO2 surfaces,Adsorption energies; water-splitting intermediates,UMA-OC20; UMA-OMat24,Adsorption-energy error,Matched DFT flavors,10.1007/s44371-026-00865-5,https://doi.org/10.1007/s44371-026-00865-5,,,Yes,Unknown,New literature sweep; web-verified,A,2026-09-29,No,High,Separates dataset/DFT-flavor effects for surface adsorption.
N041,,MLIPAudit: A benchmarking tool for Machine Learned Interatomic Potentials,2025,Benchmark suite/platform,Core,Benchmark suites and platforms,"Small organics, molecular liquids, proteins and flexible peptides",Modular downstream benchmark suite; CLI/GUI; public leaderboard; scaling,UMA-Small; MACE-OFF; MACE-MP and additional models,Per-benchmark 0-1 scores; task metrics; scaling/runtime,Reference quantum/experimental data,,https://arxiv.org/abs/2511.20487,https://github.com/instadeepai/mlipaudit,https://huggingface.co/spaces/InstaDeepAI/mlipaudit-leaderboard,No,Yes,New literature sweep; web-verified,A,2026-09-29,No,High,Open Apache-2.0 benchmark library with reusable ASE-compatible pipeline and continuously updated leaderboard.
N032,,MatCalc,2025,Benchmark suite/platform,Core,Benchmark suites and platforms,Inorganic materials,Property calculation and standardized elasticity/phonon benchmarks,Multiple foundation potentials,Elasticity and phonon benchmark metrics,DFT/reference property data,,https://matcalc.ai/,,,No,Unknown,New literature sweep; web-verified,A,2026-09-29,No,High,Python framework released with MatPES; exposes reusable BenchmarkSuite APIs.
N009,,Screening of Material Defects using Universal Machine-Learning Interatomic Potentials,2025,Application benchmark study,Core,"Defects, disorder and dimensionality",Materials Project crystals and 2D materials,Vacancy formation; defective-material screening; simulated etching,Universal MLIPs,Vacancy formation-energy error; hull/stability screening,DFT,10.1002/smll.202503956,https://doi.org/10.1002/smll.202503956,,,Yes,Unknown,New literature sweep; web-verified,A,2026-09-29,No,High,"Includes vacancy calculations for 86,259 materials."
N006,,Universal Machine Learning Potential for Systems with Reduced Dimensionality,2025,Core benchmark study,Core,"Defects, disorder and dimensionality","0D, 1D, 2D and 3D systems",Cross-dimensional transferability; structure/energy/force evaluation,Universal MLIPs,Energy/force errors; structural/property transfer,DFT,,https://arxiv.org/abs/2508.15614,,,No,Unknown,New literature sweep; web-verified,A,2026-09-29,No,High,Highlights dimensionality as a distribution-shift axis.
N007,,Universal machine learning interatomic potentials poised to supplant DFT in modeling general defects in metals and random alloys,2025,Core benchmark study,Core,"Defects, disorder and dimensionality",Metals and random alloys,Point defects; grain boundaries; random alloys; H-alloy interactions; UQ; efficiency,Universal MLIPs,Defect energies; structural errors; uncertainty correlation; speed,DFT,10.1088/2632-2153/adea2d,https://doi.org/10.1088/2632-2153/adea2d,,,Yes,Unknown,New literature sweep; web-verified,A,2026-09-29,No,High,Broad defect-oriented validation in metals and alloys.
N013,,"Crash testing machine learning force fields for molecules, materials, and interfaces: model analysis in the TEA Challenge 2023",2025,Benchmark suite + study,Core,Dynamics and finite temperature,"Molecules, materials and interfaces",Common-data MLFF training; MD stability; incomplete data; multicomponent/periodic systems,MACE; SO3krates; sGDML; SOAP/GAP; FCHL19*,Accuracy; MD stability; efficiency; task-specific observables,DFT / experiment,10.1039/D4SC06530A,https://doi.org/10.1039/D4SC06530A,,https://doi.org/10.5281/zenodo.10414029,Yes,Yes,New literature sweep; web-verified,A,2026-09-29,No,High,TEA Challenge 2023 provides same-condition cross-architecture crash tests.
N005,,Benchmarking Universal Machine Learning Interatomic Potentials for Elastic Property Prediction,2025,Core benchmark study,Core,Mechanical and elastic properties,"Nearly 11,000 inorganic materials",Elastic tensors/moduli; relaxation; targeted fine-tuning,MatterSim; MACE; SevenNet; CHGNet,Elastic-property errors; stability/failure; fine-tuning gains,DFT,,https://arxiv.org/abs/2510.22999,,,No,Unknown,New literature sweep; web-verified,A,2026-09-29,No,High,Large-scale elastic-property benchmark; manuscript revised in 2026.
N036,,Benchmarking Universal Machine Learning Force Fields with Hydrogen-Bonding Cooperativity,2025,Core benchmark study,Core,"Molecules, reactions and chemical kinetics",N-methylacetamide H-bonded chains,Many-body cooperativity / induction / dispersion,ANI; MACE-OFF; Orb,Hydrogen-bond cooperativity relative to QM,Quantum chemistry,10.4208/cicc.2025.90.02,https://doi.org/10.4208/cicc.2025.90.02,,,Yes,Unknown,New literature sweep; web-verified,A,2026-09-29,No,High,Probes cooperative many-body physics that standard molecular test errors can miss.
N037,,Machine learning potentials for alloys: a detailed workflow to predict phase diagrams and benchmark accuracy,2025,Application benchmark study,Core,Thermodynamics and phase diagrams,Binary and multicomponent alloys,Phase-diagram prediction; CALPHAD integration; phase classification,GRACE; SevenNet; CHGNet and others,Accuracy; precision; recall; F1 of phase regions; topology agreement,VASP / CALPHAD,10.1038/s41524-025-01814-z,https://doi.org/10.1038/s41524-025-01814-z,,,Yes,Unknown,New literature sweep; web-verified,A,2026-09-29,No,High,PhaseForge turns phase-diagram topology into an application-level MLIP benchmark.
N015,,"Efficiency, accuracy, and transferability of machine learning potentials: Application to dislocations and cracks in iron",2024,Core benchmark study,Core,"Defects, disorder and dimensionality",BCC iron,Dislocations; cracks; fracture; uncertainty; efficiency,Four MLIP packages,RMSE; property error Q; Peierls barrier; traction-separation; KIc; speed,DFT,10.1016/j.actamat.2024.119788,https://doi.org/10.1016/j.actamat.2024.119788,https://github.com/leiapple/Potential_benchmark_iron,,Yes,Yes,New literature sweep; web-verified,A,2026-09-29,No,High,Three-stage validation from test error to defect transferability.
N023,,Complexity of many-body interactions in transition metals via machine-learned force fields from the TM23 data set,2024,Benchmark dataset + study,Core,Foundation datasets and model ecosystems,Transition metals,Element-wise force-field learnability; many-body complexity,Multiple MLFF architectures,Energy/force errors; complexity trends,DFT,10.1038/s41524-024-01264-z,https://doi.org/10.1038/s41524-024-01264-z,,,Yes,Unknown,New literature sweep; web-verified,A,2026-09-29,No,High,TM23 is a widely used elemental-transition-metal stress test.
N012,,Benchmarking phonon anharmonicity in machine learning interatomic potentials,2024,Core benchmark study,Core,"Phonons, vibrations and thermal",ThO2,Anharmonic force constants; phonon interactions; thermal conductivity,GAP; ANN; GNN,Phonon linewidths; line shifts; thermal conductivity; higher-order agreement,DFT,,https://arxiv.org/abs/2402.18891,,,No,Unknown,New literature sweep; web-verified,A,2026-09-29,No,High,Explicitly probes anharmonic rather than only harmonic phonons.
N014,,Benchmarking of machine learning interatomic potentials for reactive hydrogen dynamics at metal surfaces,2024,Core benchmark study,Core,"Surfaces, interfaces and catalysis",H2 scattering on Cu surfaces,Reactive gas-surface dynamics; sticking probabilities; CPU throughput,PaiNN; REANN; MACE; ACE,Energy/force accuracy; time-to-solution; reaction/sticking probabilities,DFT / dynamical observables,10.1088/2632-2153/ad5f11,https://doi.org/10.1088/2632-2153/ad5f11,,,Yes,Unknown,New literature sweep; web-verified,A,2026-09-29,No,High,Application benchmark couples accuracy to reactive trajectory observables.
N027,,COMP6: A comprehensive benchmark suite for machine learning potentials,2018,Benchmark suite + study,Core,"Molecules, reactions and chemical kinetics",Diverse organic molecules and conformers,Transferability across molecular datasets and conformers,ANI family and molecular ML potentials,Energy errors across benchmark subsets,Quantum chemistry,10.1063/1.5023802,https://doi.org/10.1063/1.5023802,https://github.com/isayev/COMP6,,Yes,Yes,New literature sweep; web-verified,A,2026-09-29,No,High,Classic cross-domain molecular-potential benchmark suite.
N017,,The Open Materials 2024 (OMat24) inorganic materials dataset and models,2026,Benchmark-supporting dataset,Supporting,Foundation datasets and model ecosystems,Inorganic materials across periodic table,Non-equilibrium PES training; model evaluation; discovery/phonon/thermal downstream tests,EquiformerV2/UMA family and baselines,E/F/S errors; Matbench Discovery; softening; downstream properties,DFT,10.1038/s43588-026-00996-w,https://doi.org/10.1038/s43588-026-00996-w,https://github.com/FAIR-Chem/fairchem,https://huggingface.co/datasets/facebook/OMAT24,Yes,Yes,New literature sweep; web-verified,A,2026-09-29,No,Medium,Over 110 million DFT calculations; central foundation-model dataset.
N039,,Net force analysis of the B3LYP-D3BJ/DZVP subset of the SPICE dataset: A diagnostic tool for machine learning force fields,2026,Methodology / dataset diagnostic,Supporting,"Methodology, reliability and efficiency",SPICE molecular subset,Reference-force consistency; size-aware diagnostics,MLFF benchmark baselines,Net force; RMSE; size-controlled statistics,SPICE quantum chemistry,10.1016/j.jmgm.2026.109522,https://doi.org/10.1016/j.jmgm.2026.109522,,,Yes,Unknown,New literature sweep; web-verified,A,2026-09-29,No,Medium,Dataset-quality diagnostic showing why apparent RMSE gains can be confounded by molecular size.
N029,,MP-ALOE: an r2SCAN dataset for universal machine learning interatomic potentials,2025,Benchmark-supporting dataset,Supporting,Foundation datasets and model ecosystems,"Inorganic materials, off-equilibrium",Active-learning PES data; off-equilibrium force benchmark,MACE and universal MLIPs,Energy/force errors; off-equilibrium robustness,r2SCAN DFT,10.1038/s41524-025-01834-9,https://doi.org/10.1038/s41524-025-01834-9,https://github.com/matthewkuner/MP-ALOE,https://doi.org/10.6084/m9.figshare.29452190,Yes,Yes,New literature sweep; web-verified,A,2026-09-29,No,Medium,Nearly one million r2SCAN calculations over 89 elements.
N019,,The Open Catalyst 2025 (OC25) Dataset and Models for Solid-Liquid Interfaces,2025,Benchmark-supporting dataset,Supporting,Foundation datasets and model ecosystems,Explicit-solvent solid-liquid interfaces,Solid-liquid interface PES; solvation; off-equilibrium modeling,OC25 baseline/foundation models,Energy; force; solvation-energy errors,DFT,,https://arxiv.org/abs/2509.17862,https://github.com/FAIR-Chem/fairchem,,No,Yes,New literature sweep; web-verified,A,2026-09-29,No,Medium,7.8 million calculations across 1.5 million explicit-solvent environments.
N018,,"The Open Molecules 2025 (OMol25) Dataset, Evaluations, and Models",2025,Benchmark-supporting dataset,Supporting,Foundation datasets and model ecosystems,"Small molecules, biomolecules, metal complexes, electrolytes",Molecular PES training and broad OOD evaluation,UMA molecular models and baselines,Energy/force errors across chemistry splits and downstream evaluations,omegaB97M-V/def2-TZVPD DFT,,https://arxiv.org/abs/2505.08762,https://github.com/FAIR-Chem/fairchem,,No,Yes,New literature sweep; web-verified,A,2026-09-29,No,Medium,"More than 100 million DFT calculations, 83 elements, systems up to 350 atoms."
N034,,A foundation model for atomistic materials chemistry,2025,Foundation-model validation study,Supporting,General and foundation MLIP evaluation,"Solids, liquids, gases, reactions, interfaces, protein",Broad zero-shot application suite; fine-tuning,MACE-MP-0,Application-specific properties; MD stability; fine-tuning data efficiency,DFT / experiment,10.1063/5.0297006,https://doi.org/10.1063/5.0297006,https://github.com/ACEsuit/mace-mp,https://github.com/ACEsuit/mace-mp,Yes,Yes,New literature sweep; web-verified,A,2026-09-29,No,Medium,"Broad application appendix is a useful de facto stress-test suite, though this is primarily a model paper."
N030,,"Model-free estimation of completeness, uncertainties, and outliers in atomistic machine learning using information theory",2025,Methodology / benchmark study,Supporting,"Methodology, reliability and efficiency","Molecules, silicon, aluminium, transition metals",Dataset completeness; OOD/outlier detection; uncertainty,Model-free QUESTS framework,Information-theoretic completeness/outlier/UQ metrics,Reference atomistic datasets,10.1038/s41467-025-59232-0,https://doi.org/10.1038/s41467-025-59232-0,https://github.com/dskoda/quests,,Yes,Yes,New literature sweep; web-verified,A,2026-09-29,No,Medium,QUESTS evaluates dataset coverage without requiring a trained potential.
N040,,"Towards Fast, Specialized Machine Learning Force Fields: Distilling Foundation Models via Energy Hessians",2025,Methodology / benchmark study,Supporting,"Methodology, reliability and efficiency","OC20, MD22 and SPICE domains",Foundation-model distillation; Hessian matching; MD conservation; speed,Teacher foundation MLFF + compact students,Accuracy; up to 20x speed; MD energy conservation,Foundation teacher / reference datasets,,https://arxiv.org/abs/2501.09009,https://github.com/ASK-Berkeley/MLFF-distill,,No,Yes,New literature sweep; web-verified,A,2026-09-29,No,Medium,ICLR 2025; useful efficiency/physicality benchmark for model compression.
N043,,Advancing the ColabFit Exchange towards a Web-scale Data Source for Machine Learning Interatomic Potentials,2024,Benchmark-supporting data infrastructure,Supporting,Foundation datasets and model ecosystems,Broad atomistic datasets,Dataset discovery; standardization; exchange for MLIP training and evaluation,Model-agnostic,Dataset coverage and metadata quality,First-principles atomistic datasets,,https://openreview.net/forum?id=b8qZpGJIkw,,https://colabfit.org/,No,Yes,New literature sweep; web-verified,A,2026-09-29,No,Medium,Supporting infrastructure rather than a direct leaderboard; useful for benchmark dataset discovery and provenance.
N025,,Expanding the SPICE Dataset with More Molecules and More Conformations,2024,Benchmark-supporting dataset,Supporting,Foundation datasets and model ecosystems,Molecules and noncovalent complexes,Expanded molecular PES coverage,Nutmeg / molecular ML potentials,Energy/force benchmark errors,Quantum chemistry,10.1021/acs.jctc.4c00794,https://doi.org/10.1021/acs.jctc.4c00794,https://github.com/openmm/spice-dataset,https://doi.org/10.5281/zenodo.10975225,Yes,Yes,New literature sweep; web-verified,A,2026-09-29,No,Medium,SPICE 2 / Nutmeg expansion increases chemical and conformational diversity.
N022,,Improving machine-learning models in materials science through large datasets,2024,Benchmark-supporting dataset,Supporting,Foundation datasets and model ecosystems,"3D, 2D and 1D inorganic materials",Large-scale DFT training dataset; broad materials evaluation,Dataset-trained ML models,Energy/force/property performance,DFT,10.1016/j.mtphys.2024.101560,https://doi.org/10.1016/j.mtphys.2024.101560,,https://alexandria.icams.rub.de/,Yes,Yes,New literature sweep; web-verified,A,2026-09-29,No,Medium,Alexandria family provides multi-dimensional large-scale DFT data.
N035,,"MatterSim: A Deep Learning Atomistic Model Across Elements, Temperatures and Pressures",2024,Foundation-model validation study,Supporting,General and foundation MLIP evaluation,Broad inorganic materials; 0-5000 K; up to 1000 GPa,Structures; dynamics; phonons; mechanics; thermodynamics; phase behavior,MatterSim,Energy/force/property errors; Gibbs free energy; phase behavior,DFT / experiment,10.48550/arXiv.2405.04967,https://arxiv.org/abs/2405.04967,https://github.com/microsoft/mattersim,,No,Yes,New literature sweep; web-verified,A,2026-09-29,No,Medium,Broad temperature/pressure validation makes it useful as a reference stress-test paper.
N011,,Learning from models: high-dimensional analyses of machine-learned interatomic potentials,2024,Methodology / benchmark study,Supporting,"Methodology, reliability and efficiency",Multiple material systems,High-dimensional property validation; Pareto analysis,Multiple MLIPs,Property errors; accuracy-efficiency Pareto behavior,DFT / reference properties,10.1038/s41524-024-01333-3,https://doi.org/10.1038/s41524-024-01333-3,https://github.com/mogroupumd/Learning_from_models,,Yes,Yes,New literature sweep; web-verified,A,2026-09-29,No,Medium,Useful property-centric benchmark methodology beyond E/F errors.
N016,,Validation workflow for machine learning interatomic potentials for complex ceramics,2024,Methodology / benchmark study,Supporting,"Methodology, reliability and efficiency",Boron carbide / complex ceramics,Preliminary; static-property; dynamic-property validation,System-specific MLIP,Accuracy; computational efficiency; static/dynamic property errors,DFT / empirical potential,10.1016/j.commatsci.2024.112983,https://doi.org/10.1016/j.commatsci.2024.112983,,,Yes,Unknown,New literature sweep; web-verified,A,2026-09-29,No,Medium,Reusable three-stage validation workflow demonstrated on B4C.
N033,,CHGNet as a pretrained universal neural network potential for charge-informed atomistic modelling,2023,Benchmark-supporting model/dataset,Supporting,Foundation datasets and model ecosystems,Materials Project crystals / MPtrj,Universal potential training and broad materials-property validation,CHGNet,Energy/force/stress; structure; MD/property tests,Materials Project DFT,10.1038/s42256-023-00716-3,https://doi.org/10.1038/s42256-023-00716-3,,,Yes,Unknown,New literature sweep; web-verified,A,2026-09-29,No,Medium,MPtrj trajectory data became a major training/evaluation source for later foundation potentials.
N020,,Open Catalyst 2022 (OC22) Dataset and Challenges for Oxide Electrocatalysts,2023,Benchmark-supporting dataset,Supporting,Foundation datasets and model ecosystems,Oxide surfaces and adsorbates,Structure-to-energy/forces; relaxation for oxide electrocatalysis,OC22 baselines,Energy/force errors; relaxation metrics,DFT,10.1021/acscatal.2c05426,https://doi.org/10.1021/acscatal.2c05426,https://github.com/FAIR-Chem/fairchem,,Yes,Yes,New literature sweep; web-verified,A,2026-09-29,No,Medium,Large oxide electrocatalysis dataset and challenge.
N024,,"SPICE, A Dataset of Drug-like Molecules and Peptides for Training Machine Learning Potentials",2023,Benchmark-supporting dataset,Supporting,Foundation datasets and model ecosystems,"Drug-like molecules, peptides, dimers",Molecular energy/force training and benchmark data,Molecular ML potentials,Energy/force errors across chemical space,Quantum chemistry,10.1038/s41597-022-01882-6,https://doi.org/10.1038/s41597-022-01882-6,https://github.com/openmm/spice-dataset,,Yes,Yes,New literature sweep; web-verified,A,2026-09-29,No,Medium,More than 1.1 million conformations; broad molecular chemistry coverage.
N042,,How to validate machine-learned interatomic potentials,2023,Methodology / benchmark study,Supporting,"Methodology, reliability and efficiency",Atomistic materials modeling,Numerical error metrics; physically guided validation; off-the-shelf model validation,General MLIP methodology,Numerical test errors plus physically motivated property validation,Electronic-structure and physical-property references,10.1063/5.0139611,https://doi.org/10.1063/5.0139611,,,Yes,Unknown,New literature sweep; web-verified,A,2026-09-29,No,Medium,Foundational best-practice paper for physically meaningful MLIP validation.
N021,,Open Catalyst 2020 (OC20) Dataset and Community Challenges,2021,Benchmark-supporting dataset,Supporting,Foundation datasets and model ecosystems,Adsorbates on catalyst surfaces,S2EF; IS2RS; IS2RE catalyst tasks,OC20 baselines,Energy/force errors; relaxation and adsorption-energy metrics,DFT,10.1021/acscatal.0c04525,https://doi.org/10.1021/acscatal.0c04525,https://github.com/FAIR-Chem/fairchem,,Yes,Yes,New literature sweep; web-verified,A,2026-09-29,No,Medium,Foundational large-scale catalysis dataset and benchmark challenge.
N028,,ANI-1x and ANI-1ccx quantum chemistry datasets,2020,Benchmark-supporting dataset,Supporting,Foundation datasets and model ecosystems,Organic molecules,Large molecular PES training and transfer evaluation,ANI models and molecular ML potentials,Energy/force errors; high-level transfer,DFT and CCSD(T)/CBS,10.1038/s41597-020-0473-z,https://doi.org/10.1038/s41597-020-0473-z,,,Yes,Unknown,New literature sweep; web-verified,A,2026-09-29,No,Medium,About 5M DFT structures plus a high-level coupled-cluster subset.
N026,,Revised MD17 (rMD17) benchmark dataset,2020,Benchmark-supporting dataset,Supporting,Foundation datasets and model ecosystems,Small organic molecules,Molecular force-field interpolation and dynamics,Many molecular MLFFs,Energy and force MAE/RMSE,High-accuracy DFT,,https://doi.org/10.6084/m9.figshare.12672038,,https://doi.org/10.6084/m9.figshare.12672038,No,Yes,New literature sweep; web-verified,A,2026-09-29,No,Medium,Recomputed MD17 with tighter electronic-structure settings; ubiquitous molecular MLFF benchmark.
